{"Train loss": 1.0482852383622046, "_timestamp": 1710253630.8829823, "_runtime": 5319.784156322479, "_step": 79, "hits@1": 0.6407230496406555, "hits@3": 0.8957275152206421, "hits@5": 0.9438303112983704, "Validation loss": 1.0231225462754567}