{"Train loss": 1.0370311274937323, "_timestamp": 1710253949.501042, "_runtime": 5638.402215957642, "_step": 83, "hits@1": 0.6550642251968384, "hits@3": 0.8942336440086365, "hits@5": 0.9418882727622986, "Validation loss": 1.0231225462754567}